unit,citizen,sex,age,decision,geo\time	2008 	2009 	2010 	2011 	2012 	2013 	2014 	2015 	2016 	2017 	2018 	2019 
PER,EXT_EU27_2020,T,TOTAL,GENCONV,AT	1705 	1400 	1060 	1325 	1240 	1180 	2050 	1740 	835 	2985 	4195 	: 
PER,EXT_EU27_2020,T,TOTAL,GENCONV,BE	315 	165 	195 	425 	295 	370 	440 	395 	320 	290 	475 	: 
PER,EXT_EU27_2020,T,TOTAL,GENCONV,BG	0 	0 	0 	0 	0 	0 	5 	0 	0 	5 	0 	: 
PER,EXT_EU27_2020,T,TOTAL,GENCONV,CH	170 	115 	70 	35 	50 	50 	45 	70 	95 	115 	170 	: 
PER,EXT_EU27_2020,T,TOTAL,GENCONV,CY	10 	25 	25 	20 	5 	10 	10 	45 	25 	15 	5 	: 
PER,EXT_EU27_2020,T,TOTAL,GENCONV,CZ	10 	0 	5 	115 	0 	0 	5 	0 	0 	0 	5 	: 
PER,EXT_EU27_2020,T,TOTAL,GENCONV,DE	1625 	1410 	1220 	1680 	2110 	2960 	4330 	5170 	8515 	30590 	19980 	: 
PER,EXT_EU27_2020,T,TOTAL,GENCONV,DK	110 	65 	130 	220 	230 	265 	160 	210 	205 	245 	200 	: 
PER,EXT_EU27_2020,T,TOTAL,GENCONV,EE	0 	0 	0 	0 	0 	0 	0 	0 	0 	0 	0 	: 
PER,EXT_EU27_2020,T,TOTAL,GENCONV,EL	345 	30 	35 	195 	185 	325 	805 	1355 	770 	510 	175 	: 
PER,EXT_EU27_2020,T,TOTAL,GENCONV,ES	20 	25 	15 	0 	10 	15 	0 	5 	15 	10 	45 	10 
PER,EXT_EU27_2020,T,TOTAL,GENCONV,EU27_2020	9975 	7920 	7635 	9775 	9590 	11075 	13290 	14080 	17485 	43420 	35550 	3075 d
PER,EXT_EU27_2020,T,TOTAL,GENCONV,EU28	14145 	14135 	13650 	13790 	13510 	14845 	15990 	18110 	23660 	49590 	43060 	12300 d
PER,EXT_EU27_2020,T,TOTAL,GENCONV,FI	0 	5 	5 	20 	90 	50 	75 	50 	185 	535 	930 	: 
PER,EXT_EU27_2020,T,TOTAL,GENCONV,FR	5190 	4040 	4245 	4930 	4290 	4270 	4245 	3830 	4510 	5400 	6015 	: 
PER,EXT_EU27_2020,T,TOTAL,GENCONV,HR	: 	: 	: 	: 	20 	0 	0 	0 	0 	20 	15 	: 
PER,EXT_EU27_2020,T,TOTAL,GENCONV,HU	0 	5 	10 	5 	20 	25 	20 	25 	5 	0 	0 	: 
PER,EXT_EU27_2020,T,TOTAL,GENCONV,IE	285 	260 	130 	75 	45 	55 	90 	180 	205 	30 	185 	: 
PER,EXT_EU27_2020,T,TOTAL,GENCONV,IS	0 	0 	0 	0 	0 	5 	0 	15 	5 	40 	30 	: 
PER,EXT_EU27_2020,T,TOTAL,GENCONV,IT	0 	45 	70 	65 	45 	5 	10 	0 	385 	385 	825 	895 
PER,EXT_EU27_2020,T,TOTAL,GENCONV,LI	0 	0 	0 	0 	15 	0 	0 	0 	0 	0 	0 	0 
PER,EXT_EU27_2020,T,TOTAL,GENCONV,LT	0 	0 	0 	0 	0 	0 	0 	0 	0 	0 	5 	: 
PER,EXT_EU27_2020,T,TOTAL,GENCONV,LU	55 	20 	30 	40 	5 	0 	5 	15 	5 	0 	5 	0 
PER,EXT_EU27_2020,T,TOTAL,GENCONV,LV	0 	5 	0 	5 	5 	5 	0 	0 	0 	5 	0 	: 
PER,EXT_EU27_2020,T,TOTAL,GENCONV,MT	0 	0 	0 	0 	10 	0 	10 	30 	25 	25 	10 	: 
PER,EXT_EU27_2020,T,TOTAL,GENCONV,NL	75 	45 	90 	120 	70 	450 	260 	255 	340 	480 	400 	350 
PER,EXT_EU27_2020,T,TOTAL,GENCONV,NO	35 	45 	165 	290 	285 	345 	240 	200 	130 	145 	110 	80 
PER,EXT_EU27_2020,T,TOTAL,GENCONV,PL	5 	0 	0 	5 	20 	5 	5 	10 	20 	0 	20 	5 
PER,EXT_EU27_2020,T,TOTAL,GENCONV,PT	0 	0 	0 	0 	0 	0 	0 	0 	0 	0 	0 	: 
PER,EXT_EU27_2020,T,TOTAL,GENCONV,RO	15 	65 	85 	75 	160 	390 	5 	10 	5 	5 	15 	: 
PER,EXT_EU27_2020,T,TOTAL,GENCONV,SE	210 	310 	285 	455 	725 	685 	750 	745 	1120 	1890 	2045 	1820 
PER,EXT_EU27_2020,T,TOTAL,GENCONV,SI	0 	0 	0 	0 	0 	0 	0 	5 	5 	0 	0 	: 
PER,EXT_EU27_2020,T,TOTAL,GENCONV,SK	0 	5 	0 	0 	5 	0 	0 	0 	5 	0 	0 	: 
PER,EXT_EU27_2020,T,TOTAL,GENCONV,UK	4170 	6215 	6010 	4010 	3920 	3770 	2700 	4030 	6170 	6170 	7510 	9220 
PER,EXT_EU27_2020,T,TOTAL,HUMSTAT,AT	: 	: 	: 	: 	: 	: 	20 	115 	190 	335 	420 	: 
PER,EXT_EU27_2020,T,TOTAL,HUMSTAT,CH	505 	475 	325 	285 	220 	150 	100 	55 	40 	45 	120 	: 
PER,EXT_EU27_2020,T,TOTAL,HUMSTAT,CY	20 	45 	80 	45 	25 	25 	5 	0 	0 	0 	0 	: 
PER,EXT_EU27_2020,T,TOTAL,HUMSTAT,CZ	0 	25 	25 	10 	0 	5 	15 	0 	0 	0 	0 	: 
PER,EXT_EU27_2020,T,TOTAL,HUMSTAT,DE	1005 	740 	1005 	1340 	1775 	2045 	1730 	1615 	1935 	10765 	15975 	: 
PER,EXT_EU27_2020,T,TOTAL,HUMSTAT,DK	5 	0 	0 	0 	0 	0 	0 	0 	0 	0 	5 	: 
PER,EXT_EU27_2020,T,TOTAL,HUMSTAT,EE	: 	: 	: 	: 	: 	0 	0 	0 	0 	0 	0 	: 
PER,EXT_EU27_2020,T,TOTAL,HUMSTAT,EL	15 	0 	0 	135 	255 	365 	775 	140 	4900 	955 	325 	: 
PER,EXT_EU27_2020,T,TOTAL,HUMSTAT,ES	: 	: 	: 	: 	30 	5 	10 	0 	5 	5 	10 	95 
PER,EXT_EU27_2020,T,TOTAL,HUMSTAT,EU27_2020	1480 	1455 	1810 	2805 	3410 	3415 	3525 	3165 	10100 	14030 	35295 d	11635 d
PER,EXT_EU27_2020,T,TOTAL,HUMSTAT,EU28	2090 	2225 	3215 	5870 	6255 	4480 	4795 	3650 	10700 	14580 	36075 d	12585 d
PER,EXT_EU27_2020,T,TOTAL,HUMSTAT,FI	20 	10 	30 	40 	45 	50 	30 	15 	60 	95 	220 	: 
PER,EXT_EU27_2020,T,TOTAL,HUMSTAT,HR	: 	: 	: 	: 	: 	0 	0 	0 	0 	0 	0 	: 
PER,EXT_EU27_2020,T,TOTAL,HUMSTAT,HU	0 	0 	0 	5 	5 	0 	5 	0 	0 	0 	0 	: 
PER,EXT_EU27_2020,T,TOTAL,HUMSTAT,IE	: 	: 	: 	: 	: 	: 	: 	: 	: 	0 	40 	: 
PER,EXT_EU27_2020,T,TOTAL,HUMSTAT,IS	0 	5 	: 	0 	0 	0 	0 	15 	10 	50 	40 	: 
PER,EXT_EU27_2020,T,TOTAL,HUMSTAT,IT	: 	: 	200 	260 	470 	5 	5 	5 	2020 	500 	12025 	7900 
PER,EXT_EU27_2020,T,TOTAL,HUMSTAT,LI	0 	0 	0 	0 	0 	0 	0 	5 	0 	0 	0 	0 
PER,EXT_EU27_2020,T,TOTAL,HUMSTAT,LT	: 	: 	: 	: 	: 	0 	0 	0 	0 	0 	0 	: 
PER,EXT_EU27_2020,T,TOTAL,HUMSTAT,LU	0 	: 	0 	: 	: 	: 	: 	: 	: 	: 	: 	: 
PER,EXT_EU27_2020,T,TOTAL,HUMSTAT,MT	0 	0 	0 	0 	5 	0 	0 	0 	0 	0 	0 	: 
PER,EXT_EU27_2020,T,TOTAL,HUMSTAT,NL	175 	85 	195 	290 	55 	190 	100 	85 	100 	115 	150 	120 
PER,EXT_EU27_2020,T,TOTAL,HUMSTAT,NO	575 	305 	170 	335 	365 	485 	610 	595 	225 	275 	140 	105 
PER,EXT_EU27_2020,T,TOTAL,HUMSTAT,PL	20 	15 	15 	40 	25 	20 	0 	15 	15 	20 	15 	0 
PER,EXT_EU27_2020,T,TOTAL,HUMSTAT,RO	0 	0 	0 	0 	0 	0 	0 	0 	0 	0 	0 	: 
PER,EXT_EU27_2020,T,TOTAL,HUMSTAT,SE	215 	530 	255 	640 	715 	705 	830 	1175 	875 	1240 	6115 	3520 
PER,EXT_EU27_2020,T,TOTAL,HUMSTAT,SI	: 	: 	0 	: 	: 	: 	: 	: 	: 	: 	: 	: 
PER,EXT_EU27_2020,T,TOTAL,HUMSTAT,SK	0 	0 	0 	0 	0 	0 	0 	0 	0 	0 	0 	: 
PER,EXT_EU27_2020,T,TOTAL,HUMSTAT,UK	610 	775 	1405 	3060 	2845 	1065 	1265 	485 	595 	550 	780 	950 
PER,EXT_EU27_2020,T,TOTAL,REJECTED,AT	7050 	10065 	9105 	7540 	6415 	5435 	1210 	2390 	2100 	3030 	4810 	: 
PER,EXT_EU27_2020,T,TOTAL,REJECTED,BE	4675 	7055 	7700 	9985 	12160 	11060 	7485 	7260 	5030 	4755 	5675 	: 
PER,EXT_EU27_2020,T,TOTAL,REJECTED,BG	20 	40 	15 	5 	0 	5 	5 	5 	10 	10 	15 	: 
PER,EXT_EU27_2020,T,TOTAL,REJECTED,CH	5305 	4775 	3860 	3245 	3545 	3185 	2295 	1905 	1840 	1795 	2965 	: 
PER,EXT_EU27_2020,T,TOTAL,REJECTED,CY	2810 	2580 	2870 	3110 	1500 	875 	275 	285 	130 	300 	465 	: 
PER,EXT_EU27_2020,T,TOTAL,REJECTED,CZ	1430 	390 	380 	365 	415 	395 	530 	395 	395 	395 	395 	: 
PER,EXT_EU27_2020,T,TOTAL,REJECTED,DE	8265 	4430 	5315 	21200 	24420 	30710 	37340 	86540 	112400 	94340 	82855 	: 
PER,EXT_EU27_2020,T,TOTAL,REJECTED,DK	315 	310 	790 	1815 	1085 	1110 	1500 	1050 	1150 	1675 	1625 	: 
PER,EXT_EU27_2020,T,TOTAL,REJECTED,EE	0 	0 	5 	10 	5 	0 	5 	10 	40 	40 	30 	: 
PER,EXT_EU27_2020,T,TOTAL,REJECTED,EL	980 	2065 	5 	215 	1115 	2990 	5785 	5810 	6655 	7985 	6605 	: 
PER,EXT_EU27_2020,T,TOTAL,REJECTED,ES	1110 	1680 	1530 	1100 	1100 	1085 	905 	570 	495 	590 	905 	725 
PER,EXT_EU27_2020,T,TOTAL,REJECTED,EU27_2020	58755 	62785 	63110 	93440 	98605 	101240 	101585 	145165 	181760 	180855 	187835 	38535 d
PER,EXT_EU27_2020,T,TOTAL,REJECTED,EU28	67685 	73210 	77455 	103855 	106885 	109970 	109835 	152900 	188355 	186240 	190950 	43190 d
PER,EXT_EU27_2020,T,TOTAL,REJECTED,FI	10 	10 	45 	65 	50 	55 	45 	55 	395 	435 	645 	: 
PER,EXT_EU27_2020,T,TOTAL,REJECTED,FR	18025 	14180 	17800 	28425 	30570 	32100 	31260 	29190 	34870 	39735 	37700 	: 
PER,EXT_EU27_2020,T,TOTAL,REJECTED,HR	: 	: 	: 	: 	100 	95 	110 	85 	105 	75 	65 	: 
PER,EXT_EU27_2020,T,TOTAL,REJECTED,HU	55 	145 	165 	275 	290 	625 	800 	435 	765 	0 	0 	: 
PER,EXT_EU27_2020,T,TOTAL,REJECTED,IE	2140 	3140 	2640 	1250 	645 	525 	115 	305 	385 	275 	380 	: 
PER,EXT_EU27_2020,T,TOTAL,REJECTED,IS	10 	30 	10 	0 	15 	60 	25 	35 	135 	450 	285 	: 
PER,EXT_EU27_2020,T,TOTAL,REJECTED,IT	30 	1475 	1260 	1175 	445 	20 	10 	5 	5000 	9255 	25755 	22870 
PER,EXT_EU27_2020,T,TOTAL,REJECTED,LI	: 	75 	60 	40 	50 	35 	0 	15 	30 	5 	50 	10 
PER,EXT_EU27_2020,T,TOTAL,REJECTED,LT	35 	50 	65 	30 	215 	30 	10 	10 	5 	30 	20 	: 
PER,EXT_EU27_2020,T,TOTAL,REJECTED,LU	425 	170 	160 	325 	900 	660 	725 	445 	315 	315 	250 	170 
PER,EXT_EU27_2020,T,TOTAL,REJECTED,LV	15 	10 	15 	10 	40 	45 	35 	65 	30 	40 	40 	: 
PER,EXT_EU27_2020,T,TOTAL,REJECTED,MT	225 	475 	325 	505 	415 	135 	225 	300 	265 	340 	670 	: 
PER,EXT_EU27_2020,T,TOTAL,REJECTED,NL	390 	425 	675 	1205 	645 	820 	745 	490 	745 	900 	780 	1080 
PER,EXT_EU27_2020,T,TOTAL,REJECTED,NO	3785 	8050 	9675 	7940 	7175 	9425 	7470 	3930 	4550 	4230 	1850 	910 
PER,EXT_EU27_2020,T,TOTAL,REJECTED,PL	155 	10 	60 	2175 	900 	1000 	1360 	1820 	1200 	1720 	1435 	: 
PER,EXT_EU27_2020,T,TOTAL,REJECTED,PT	0 	0 	20 	20 	65 	100 	95 	85 	185 	0 	465 	: 
PER,EXT_EU27_2020,T,TOTAL,REJECTED,RO	190 	575 	420 	1180 	1945 	625 	135 	65 	100 	105 	175 	: 
PER,EXT_EU27_2020,T,TOTAL,REJECTED,SE	10245 	13405 	11575 	11375 	13060 	10575 	10755 	7435 	8950 	14460 	15965 	13690 
PER,EXT_EU27_2020,T,TOTAL,REJECTED,SI	100 	70 	15 	70 	35 	60 	65 	30 	35 	40 	85 	: 
PER,EXT_EU27_2020,T,TOTAL,REJECTED,SK	65 	20 	170 	0 	65 	110 	55 	25 	20 	10 	20 	: 
PER,EXT_EU27_2020,T,TOTAL,REJECTED,UK	8930 	10425 	14345 	10415 	8285 	8730 	8250 	7735 	6595 	5385 	3120 	4655 
PER,EXT_EU27_2020,T,TOTAL,SUB_PROT,AT	490 	375 	375 	460 	300 	240 	790 	850 	355 	605 	1065 	: 
PER,EXT_EU27_2020,T,TOTAL,SUB_PROT,BE	85 	115 	85 	50 	30 	60 	30 	30 	30 	20 	95 	: 
PER,EXT_EU27_2020,T,TOTAL,SUB_PROT,BG	10 	10 	20 	15 	20 	35 	15 	5 	15 	5 	20 	: 
PER,EXT_EU27_2020,T,TOTAL,SUB_PROT,CH	60 	50 	40 	30 	30 	15 	15 	10 	15 	15 	30 	: 
PER,EXT_EU27_2020,T,TOTAL,SUB_PROT,CY	5 	10 	5 	5 	15 	55 	205 	240 	100 	40 	10 	: 
PER,EXT_EU27_2020,T,TOTAL,SUB_PROT,CZ	35 	0 	20 	260 	25 	15 	10 	0 	10 	0 	5 	: 
PER,EXT_EU27_2020,T,TOTAL,SUB_PROT,DE	145 	140 	235 	350 	1135 	950 	935 	525 	855 	22395 	27660 	: 
PER,EXT_EU27_2020,T,TOTAL,SUB_PROT,DK	50 	70 	155 	200 	180 	285 	130 	70 	75 	140 	130 	: 
PER,EXT_EU27_2020,T,TOTAL,SUB_PROT,EE	0 	0 	0 	0 	0 	0 	0 	0 	0 	0 	0 	: 
PER,EXT_EU27_2020,T,TOTAL,SUB_PROT,EL	0 	15 	5 	80 	90 	220 	295 	355 	160 	95 	95 	: 
PER,EXT_EU27_2020,T,TOTAL,SUB_PROT,ES	10 	5 	5 	20 	5 	0 	0 	5 	0 	10 	15 	0 
PER,EXT_EU27_2020,T,TOTAL,SUB_PROT,EU27_2020	2610 	3510 	3160 	4860 	6075 	5230 	5325 	4460 	7900 	30775 	38055 	4750 d
PER,EXT_EU27_2020,T,TOTAL,SUB_PROT,EU28	2850 	3680 	3370 	5035 	6220 	5350 	5415 	4640 	8275 	31140 	38800 	5525 d
PER,EXT_EU27_2020,T,TOTAL,SUB_PROT,FI	55 	35 	35 	215 	145 	75 	60 	45 	50 	195 	270 	: 
PER,EXT_EU27_2020,T,TOTAL,SUB_PROT,FR	1125 	1320 	1035 	1195 	1390 	1180 	1580 	1555 	1910 	2605 	2705 	: 
PER,EXT_EU27_2020,T,TOTAL,SUB_PROT,HR	: 	: 	: 	: 	10 	0 	0 	0 	0 	0 	5 	: 
PER,EXT_EU27_2020,T,TOTAL,SUB_PROT,HU	0 	0 	15 	40 	90 	35 	15 	15 	0 	0 	0 	: 
PER,EXT_EU27_2020,T,TOTAL,SUB_PROT,IE	: 	: 	: 	: 	: 	: 	5 	40 	100 	50 	45 	: 
PER,EXT_EU27_2020,T,TOTAL,SUB_PROT,IS	0 	0 	: 	0 	0 	0 	0 	5 	0 	15 	20 	: 
PER,EXT_EU27_2020,T,TOTAL,SUB_PROT,IT	0 	0 	0 	0 	270 	60 	35 	10 	2365 	2450 	4365 	3840 
PER,EXT_EU27_2020,T,TOTAL,SUB_PROT,LI	: 	: 	: 	10 	0 	0 	0 	0 	0 	0 	0 	0 
PER,EXT_EU27_2020,T,TOTAL,SUB_PROT,LT	0 	5 	0 	0 	0 	5 	5 	0 	0 	5 	0 	: 
PER,EXT_EU27_2020,T,TOTAL,SUB_PROT,LU	0 	10 	5 	10 	0 	10 	5 	10 	0 	5 	0 	0 
PER,EXT_EU27_2020,T,TOTAL,SUB_PROT,LV	0 	0 	0 	5 	0 	0 	0 	10 	10 	0 	0 	: 
PER,EXT_EU27_2020,T,TOTAL,SUB_PROT,MT	0 	0 	0 	0 	5 	0 	25 	40 	40 	25 	5 	: 
PER,EXT_EU27_2020,T,TOTAL,SUB_PROT,NL	165 	125 	390 	1140 	765 	435 	340 	255 	575 	685 	625 	525 
PER,EXT_EU27_2020,T,TOTAL,SUB_PROT,NO	50 	75 	70 	85 	290 	175 	110 	105 	60 	80 	25 	25 
PER,EXT_EU27_2020,T,TOTAL,SUB_PROT,PL	5 	75 	35 	55 	25 	25 	15 	30 	50 	30 	30 	10 
PER,EXT_EU27_2020,T,TOTAL,SUB_PROT,PT	0 	0 	0 	0 	0 	0 	0 	0 	0 	0 	0 	: 
PER,EXT_EU27_2020,T,TOTAL,SUB_PROT,RO	30 	30 	30 	35 	115 	535 	30 	35 	15 	75 	55 	: 
PER,EXT_EU27_2020,T,TOTAL,SUB_PROT,SE	390 	1155 	710 	725 	1450 	990 	800 	325 	1180 	1330 	855 	375 
PER,EXT_EU27_2020,T,TOTAL,SUB_PROT,SI	0 	0 	0 	0 	0 	0 	0 	0 	0 	0 	0 	: 
PER,EXT_EU27_2020,T,TOTAL,SUB_PROT,SK	10 	10 	5 	5 	5 	5 	0 	0 	0 	0 	0 	: 
PER,EXT_EU27_2020,T,TOTAL,SUB_PROT,UK	240 	170 	210 	175 	140 	120 	85 	180 	375 	370 	745 	775 
PER,EXT_EU27_2020,T,TOTAL,TEMP_PROT,AT	0 	0 	0 	0 	0 	0 	0 	0 	0 	0 	0 	: 
PER,EXT_EU27_2020,T,TOTAL,TEMP_PROT,BE	0 	0 	0 	0 	0 	0 	0 	0 	0 	0 	0 	: 
PER,EXT_EU27_2020,T,TOTAL,TEMP_PROT,BG	0 	0 	0 	0 	0 	0 	0 	0 	0 	0 	0 	: 
PER,EXT_EU27_2020,T,TOTAL,TEMP_PROT,CH	0 	0 	0 	0 	0 	0 	0 	0 	0 	0 	0 	: 
PER,EXT_EU27_2020,T,TOTAL,TEMP_PROT,CY	0 	0 	0 	0 	0 	0 	0 	0 	0 	0 	0 	: 
PER,EXT_EU27_2020,T,TOTAL,TEMP_PROT,CZ	0 	0 	0 	0 	0 	0 	0 	0 	0 	0 	0 	: 
PER,EXT_EU27_2020,T,TOTAL,TEMP_PROT,DE	0 	0 	0 	0 	0 	0 	0 	0 	0 	0 	0 	: 
PER,EXT_EU27_2020,T,TOTAL,TEMP_PROT,DK	0 	0 	0 	0 	0 	0 	0 	0 	0 	0 	0 	: 
PER,EXT_EU27_2020,T,TOTAL,TEMP_PROT,EE	0 	0 	0 	0 	0 	0 	0 	0 	0 	0 	0 	: 
PER,EXT_EU27_2020,T,TOTAL,TEMP_PROT,EL	0 	0 	0 	0 	0 	0 	0 	0 	0 	0 	0 	: 
PER,EXT_EU27_2020,T,TOTAL,TEMP_PROT,ES	0 	0 	0 	0 	0 	0 	0 	0 	0 	0 	0 	: 
PER,EXT_EU27_2020,T,TOTAL,TEMP_PROT,EU27_2020	0 	0 	0 	0 	0 	0 	0 	0 	0 	0 	0 d	: 
PER,EXT_EU27_2020,T,TOTAL,TEMP_PROT,EU28	0 	0 	0 	0 	0 	0 	0 	0 	0 	0 	0 d	: 
PER,EXT_EU27_2020,T,TOTAL,TEMP_PROT,FI	0 	0 	0 	0 	0 	0 	0 	0 	0 	0 	0 	: 
PER,EXT_EU27_2020,T,TOTAL,TEMP_PROT,FR	0 	0 	0 	0 	0 	0 	0 	0 	0 	0 	0 	: 
PER,EXT_EU27_2020,T,TOTAL,TEMP_PROT,HR	: 	: 	: 	: 	0 	0 	0 	0 	0 	0 	0 	: 
PER,EXT_EU27_2020,T,TOTAL,TEMP_PROT,HU	0 	0 	0 	0 	0 	0 	0 	0 	0 	0 	0 	: 
PER,EXT_EU27_2020,T,TOTAL,TEMP_PROT,IE	0 	0 	0 	0 	0 	0 	0 	0 	0 	0 	0 	: 
PER,EXT_EU27_2020,T,TOTAL,TEMP_PROT,IS	0 	0 	0 	0 	0 	0 	0 	0 	0 	0 	0 	: 
PER,EXT_EU27_2020,T,TOTAL,TEMP_PROT,IT	0 	0 	0 	0 	0 	0 	0 	0 	0 	0 	: 	: 
PER,EXT_EU27_2020,T,TOTAL,TEMP_PROT,LI	: 	0 	0 	0 	0 	0 	0 	0 	0 	0 	0 	: 
PER,EXT_EU27_2020,T,TOTAL,TEMP_PROT,LT	0 	0 	0 	0 	0 	0 	0 	0 	0 	0 	0 	: 
PER,EXT_EU27_2020,T,TOTAL,TEMP_PROT,LU	0 	0 	0 	0 	0 	0 	0 	0 	0 	0 	0 	: 
PER,EXT_EU27_2020,T,TOTAL,TEMP_PROT,LV	0 	0 	0 	0 	0 	0 	0 	0 	0 	0 	0 	: 
PER,EXT_EU27_2020,T,TOTAL,TEMP_PROT,MT	0 	0 	0 	0 	0 	0 	0 	0 	0 	0 	0 	: 
PER,EXT_EU27_2020,T,TOTAL,TEMP_PROT,NL	0 	0 	0 	0 	0 	0 	0 	0 	0 	0 	0 	: 
PER,EXT_EU27_2020,T,TOTAL,TEMP_PROT,NO	0 	0 	0 	0 	0 	0 	0 	0 	0 	0 	0 	: 
PER,EXT_EU27_2020,T,TOTAL,TEMP_PROT,PL	0 	0 	0 	0 	0 	0 	0 	0 	0 	0 	0 	: 
PER,EXT_EU27_2020,T,TOTAL,TEMP_PROT,PT	0 	0 	0 	0 	0 	0 	0 	0 	0 	0 	0 	: 
PER,EXT_EU27_2020,T,TOTAL,TEMP_PROT,RO	0 	0 	0 	0 	0 	0 	0 	0 	0 	0 	0 	: 
PER,EXT_EU27_2020,T,TOTAL,TEMP_PROT,SE	0 	0 	0 	0 	0 	0 	0 	0 	0 	0 	0 	: 
PER,EXT_EU27_2020,T,TOTAL,TEMP_PROT,SI	0 	0 	0 	0 	0 	0 	0 	0 	0 	0 	0 	: 
PER,EXT_EU27_2020,T,TOTAL,TEMP_PROT,SK	0 	0 	0 	0 	0 	0 	0 	0 	0 	0 	0 	: 
PER,EXT_EU27_2020,T,TOTAL,TEMP_PROT,UK	0 	0 	0 	0 	0 	0 	0 	0 	0 	0 	0 	: 
PER,EXT_EU27_2020,T,TOTAL,TOTAL,AT	9245 	11840 	10535 	9325 	7955 	6860 	4070 	5095 	3480 	6960 	10490 	: 
PER,EXT_EU27_2020,T,TOTAL,TOTAL,BE	5070 	7335 	7980 	10460 	12485 	11485 	7950 	7685 	5375 	5065 	6240 	: 
PER,EXT_EU27_2020,T,TOTAL,TOTAL,BG	25 	50 	35 	20 	25 	40 	20 	10 	25 	20 	35 	: 
PER,EXT_EU27_2020,T,TOTAL,TOTAL,CH	6035 	5415 	4295 	3595 	3845 	3400 	2460 	2040 	1985 	1970 	3285 	: 
PER,EXT_EU27_2020,T,TOTAL,TOTAL,CY	2845 	2660 	2975 	3175 	1550 	960 	495 	575 	250 	355 	480 	: 
PER,EXT_EU27_2020,T,TOTAL,TOTAL,CZ	1475 	415 	425 	750 	440 	415 	565 	395 	405 	395 	405 	: 
PER,EXT_EU27_2020,T,TOTAL,TOTAL,DE	11045 	6725 	7775 	24565 	29445 	36665 	44335 	93845 	123700 	158090 	146470 	: 
PER,EXT_EU27_2020,T,TOTAL,TOTAL,DK	480 	440 	1080 	2235 	1495 	1660 	1785 	1335 	1425 	2055 	1965 	: 
PER,EXT_EU27_2020,T,TOTAL,TOTAL,EE	0 	0 	5 	10 	5 	0 	5 	10 	40 	40 	30 	: 
PER,EXT_EU27_2020,T,TOTAL,TOTAL,EL	1340 	2105 	45 	625 	1650 	3900 	7665 	7655 	12485 	9545 	7200 	: 
PER,EXT_EU27_2020,T,TOTAL,TOTAL,ES	1140 	1710 	1545 	1125 	1145 	1110 	920 	580 	515 	620 	975 	830 
PER,EXT_EU27_2020,T,TOTAL,TOTAL,EU27_2020	72815 	75670 	75715 	110885 	117680 	120960 	123725 	166870 	217245 	269080 	296730 	57995 d
PER,EXT_EU27_2020,T,TOTAL,TOTAL,EU28	86770 	93255 	97685 	128545 	132870 	134645 	136030 	179300 	230985 	281550 	308890 	73600 d
PER,EXT_EU27_2020,T,TOTAL,TOTAL,FI	90 	60 	115 	340 	330 	230 	210 	170 	695 	1260 	2065 	: 
PER,EXT_EU27_2020,T,TOTAL,TOTAL,FR	24340 	19545 	23080 	34550 	36245 	37550 	37085 	34580 	41285 	47740 	46415 	: 
PER,EXT_EU27_2020,T,TOTAL,TOTAL,HR	: 	: 	: 	: 	135 	95 	110 	85 	105 	95 	85 	: 
PER,EXT_EU27_2020,T,TOTAL,TOTAL,HU	55 	150 	190 	325 	405 	685 	840 	480 	775 	0 	0 	: 
PER,EXT_EU27_2020,T,TOTAL,TOTAL,IE	2425 	3400 	2765 	1325 	690 	580 	210 	530 	690 	350 	645 	: 
PER,EXT_EU27_2020,T,TOTAL,TOTAL,IS	10 	30 	10 	0 	15 	70 	30 	70 	155 	555 	375 	: 
PER,EXT_EU27_2020,T,TOTAL,TOTAL,IT	30 	1525 	1530 	1505 	1235 	95 	55 	20 	9770 	12590 	42970 	35500 
PER,EXT_EU27_2020,T,TOTAL,TOTAL,LI	0 	75 	60 	55 	70 	35 	0 	20 	30 	5 	55 	10 
PER,EXT_EU27_2020,T,TOTAL,TOTAL,LT	35 	55 	65 	30 	215 	35 	15 	10 	5 	40 	25 	: 
PER,EXT_EU27_2020,T,TOTAL,TOTAL,LU	480 	205 	190 	375 	905 	670 	740 	470 	320 	315 	255 	170 
PER,EXT_EU27_2020,T,TOTAL,TOTAL,LV	15 	15 	15 	20 	50 	55 	35 	70 	45 	45 	40 	: 
PER,EXT_EU27_2020,T,TOTAL,TOTAL,MT	225 	475 	325 	505 	435 	140 	260 	370 	325 	395 	685 	: 
PER,EXT_EU27_2020,T,TOTAL,TOTAL,NL	800 	685 	1350 	2760 	1530 	1895 	1445 	1085 	1760 	2180 	1955 	2080 
PER,EXT_EU27_2020,T,TOTAL,TOTAL,NO	4445 	8480 	10085 	8650 	8120 	10430 	8430 	4830 	4965 	4730 	2130 	1120 
PER,EXT_EU27_2020,T,TOTAL,TOTAL,PL	185 	100 	110 	2270 	970 	1050 	1380 	1875 	1285 	1770 	1495 	10 
PER,EXT_EU27_2020,T,TOTAL,TOTAL,PT	0 	0 	20 	20 	65 	100 	95 	85 	185 	0 	465 	: 
PER,EXT_EU27_2020,T,TOTAL,TOTAL,RO	235 	670 	530 	1290 	2220 	1550 	170 	110 	115 	185 	245 	: 
PER,EXT_EU27_2020,T,TOTAL,TOTAL,SE	11065 	15395 	12830 	13195 	15950 	12955 	13130 	9680 	12130 	18915 	24980 	19400 
PER,EXT_EU27_2020,T,TOTAL,TOTAL,SI	100 	70 	15 	70 	35 	60 	70 	35 	35 	40 	85 	: 
PER,EXT_EU27_2020,T,TOTAL,TOTAL,SK	70 	35 	170 	5 	70 	115 	60 	25 	20 	10 	25 	: 
PER,EXT_EU27_2020,T,TOTAL,TOTAL,UK	13955 	17585 	21975 	17665 	15190 	13685 	12310 	12430 	13740 	12470 	12160 	15605 
PER,EXT_EU27_2020,T,TOTAL,TOTAL_POS,AT	2195 	1775 	1435 	1780 	1540 	1425 	2860 	2705 	1380 	3925 	5680 	: 
PER,EXT_EU27_2020,T,TOTAL,TOTAL_POS,BE	395 	280 	280 	470 	325 	430 	470 	425 	350 	310 	570 	: 
PER,EXT_EU27_2020,T,TOTAL,TOTAL_POS,BG	10 	10 	20 	15 	25 	40 	20 	5 	15 	10 	20 	: 
PER,EXT_EU27_2020,T,TOTAL,TOTAL_POS,CH	730 	640 	435 	350 	300 	215 	165 	135 	145 	175 	320 	: 
PER,EXT_EU27_2020,T,TOTAL,TOTAL_POS,CY	35 	80 	110 	65 	45 	90 	225 	285 	120 	55 	15 	: 
PER,EXT_EU27_2020,T,TOTAL,TOTAL_POS,CZ	45 	25 	50 	385 	25 	20 	35 	0 	10 	0 	10 	: 
PER,EXT_EU27_2020,T,TOTAL,TOTAL_POS,DE	2775 	2295 	2465 	3370 	5025 	5955 	6995 	7305 	11305 	63750 	63615 	: 
PER,EXT_EU27_2020,T,TOTAL,TOTAL_POS,DK	165 	130 	285 	420 	410 	550 	290 	285 	280 	385 	335 	: 
PER,EXT_EU27_2020,T,TOTAL,TOTAL_POS,EE	0 	0 	0 	0 	0 	0 	0 	0 	0 	0 	0 	: 
PER,EXT_EU27_2020,T,TOTAL,TOTAL_POS,EL	360 	40 	40 	410 	530 	910 	1880 	1845 	5830 	1560 	595 	: 
PER,EXT_EU27_2020,T,TOTAL,TOTAL_POS,ES	30 	30 	15 	20 	40 	20 	15 	10 	20 	30 	70 	105 
PER,EXT_EU27_2020,T,TOTAL,TOTAL_POS,EU27_2020	14060 	12880 	12605 	17445 	19080 	19720 	22140 	21705 	35485 	88225 	108895 	19460 d
PER,EXT_EU27_2020,T,TOTAL,TOTAL_POS,EU28	19085 	20040 	20235 	24695 	25985 	24675 	26195 	26400 	42630 	95310 	117935 	30410 d
PER,EXT_EU27_2020,T,TOTAL,TOTAL_POS,FI	80 	50 	70 	275 	280 	180 	165 	115 	295 	825 	1420 	: 
PER,EXT_EU27_2020,T,TOTAL,TOTAL_POS,FR	6315 	5365 	5280 	6125 	5680 	5450 	5825 	5385 	6415 	8005 	8715 	: 
PER,EXT_EU27_2020,T,TOTAL,TOTAL_POS,HR	: 	: 	: 	: 	35 	0 	0 	0 	0 	20 	20 	: 
PER,EXT_EU27_2020,T,TOTAL,TOTAL_POS,HU	0 	10 	25 	50 	110 	60 	40 	40 	5 	0 	0 	: 
PER,EXT_EU27_2020,T,TOTAL,TOTAL_POS,IE	285 	260 	130 	75 	45 	55 	95 	225 	305 	80 	270 	: 
PER,EXT_EU27_2020,T,TOTAL,TOTAL_POS,IS	0 	5 	0 	0 	0 	5 	5 	35 	20 	105 	90 	: 
PER,EXT_EU27_2020,T,TOTAL,TOTAL_POS,IT	0 	45 	275 	325 	790 	75 	45 	20 	4770 	3335 	17215 	12635 
PER,EXT_EU27_2020,T,TOTAL,TOTAL_POS,LI	0 	0 	0 	15 	20 	0 	0 	5 	0 	0 	0 	0 
PER,EXT_EU27_2020,T,TOTAL,TOTAL_POS,LT	0 	5 	0 	0 	0 	5 	5 	0 	0 	5 	5 	: 
PER,EXT_EU27_2020,T,TOTAL,TOTAL_POS,LU	55 	30 	35 	50 	5 	10 	10 	25 	5 	5 	5 	0 
PER,EXT_EU27_2020,T,TOTAL,TOTAL_POS,LV	0 	5 	0 	10 	5 	10 	0 	10 	15 	5 	0 	: 
PER,EXT_EU27_2020,T,TOTAL,TOTAL_POS,MT	0 	0 	0 	0 	20 	0 	35 	70 	65 	50 	15 	: 
PER,EXT_EU27_2020,T,TOTAL,TOTAL_POS,NL	415 	255 	675 	1555 	885 	1075 	700 	595 	1015 	1280 	1175 	1000 
PER,EXT_EU27_2020,T,TOTAL,TOTAL_POS,NO	660 	430 	410 	710 	945 	1005 	960 	900 	415 	500 	280 	210 
PER,EXT_EU27_2020,T,TOTAL,TOTAL_POS,PL	30 	95 	50 	100 	70 	50 	20 	55 	85 	50 	60 	10 
PER,EXT_EU27_2020,T,TOTAL,TOTAL_POS,PT	0 	0 	0 	0 	0 	0 	0 	0 	0 	0 	0 	: 
PER,EXT_EU27_2020,T,TOTAL,TOTAL_POS,RO	45 	95 	110 	110 	275 	925 	35 	45 	15 	85 	70 	: 
PER,EXT_EU27_2020,T,TOTAL,TOTAL_POS,SE	815 	1990 	1250 	1820 	2890 	2380 	2375 	2245 	3175 	4460 	9015 	5710 
PER,EXT_EU27_2020,T,TOTAL,TOTAL_POS,SI	0 	0 	0 	0 	0 	0 	0 	5 	5 	0 	0 	: 
PER,EXT_EU27_2020,T,TOTAL,TOTAL_POS,SK	10 	15 	5 	5 	10 	5 	5 	0 	5 	0 	5 	: 
PER,EXT_EU27_2020,T,TOTAL,TOTAL_POS,UK	5025 	7160 	7630 	7250 	6905 	4955 	4055 	4695 	7145 	7085 	9040 	10950 